sum,max,min
0.416169,0.285588,-0.260234
0.47907718,0.410945,-0.353278
1.49211405,0.279983,-0.296327
0.69589786,0.292272,-0.217104
0.3714916,0.303187,-0.181387
-0.4377579,0.328824,-0.324107
0.63216614,0.288313,-0.240975
1.4377417,0.334195,-0.231272
0.7566177,0.283573,-0.231364
0.69090436,0.374962,-0.236035
1.384051943,0.346547,-0.316781
-0.01430555,0.272226,-0.332181
-0.323317,0.253802,-0.349597
0.4646501,0.306343,-0.277232
1.7456588,0.363126,-0.280653
1.26688593,0.307056,-0.238136
-0.0424141,0.292716,-0.350554
1.80755368,0.299896,-0.260416
0.97382957,0.230584,-0.233641
-0.15211726,0.353088,-0.283507
-0.4401544,0.201559,-0.277459
1.18111755,0.37303,-0.205892
1.00528256,0.30822,-0.158522
1.26385128,0.319088,-0.245243
1.00462507,0.282712,-0.22171
0.4274656,0.308587,-0.199839
1.19401847,0.298653,-0.153741
1.8944056,0.332109,-0.224829
0.96292148,0.332911,-0.177476
0.67330725,0.336409,-0.321178
0.888970207,0.272595,-0.225845
0.36817058,0.261901,-0.323045
0.48990632,0.404599,-0.210007
0.18406898,0.221879,-0.302407
1.44328464,0.294838,-0.218584
0.1205259,0.247304,-0.309723
-0.6864617,0.392778,-0.289033
0.74439462,0.283435,-0.308887
1.7530076,0.259559,-0.21824
-0.32155322,0.245009,-0.313155
1.321179,0.326054,-0.264629
0.40799845,0.464709,-0.31522
0.0613605,0.291552,-0.309316
0.26216385,0.338403,-0.252166
0.40689112,0.2799,-0.388433
1.42723248,0.38271,-0.20583
1.114795407,0.482823,-0.334176
2.10191987,0.282263,-0.168238
0.8753714,0.243999,-0.157181
-0.4181922,0.278001,-0.342408
1.3682424,0.304055,-0.158951
1.46588091,0.325823,-0.157439
0.82875807,0.363856,-0.242982
0.7557417,0.281751,-0.292451
-0.92670341,0.204893,-0.416938
-0.3182315,0.247053,-0.25892
0.596286965,0.279966,-0.316311
0.9892587,0.291004,-0.400748
-1.4445501,0.269982,-0.447678
0.07057911,0.315434,-0.237085
0.31264885,0.309968,-0.227371
-0.6904509,0.327552,-0.255045
0.3101865,0.323335,-0.212693
0.90143304,0.376707,-0.187239
1.8091734,0.380731,-0.253008
0.75552108,0.296412,-0.194012
0.72896364,0.261116,-0.376433
0.03616221,0.202629,-0.283678
-0.358324633,0.295714,-0.278159
0.42152886,0.358123,-0.320443
0.79408355,0.30513,-0.242764
-0.39240827,0.383784,-0.3936
1.1092852,0.340537,-0.202931
0.71933799,0.261782,-0.281006
0.926390945,0.352136,-0.401616
0.64298196,0.322067,-0.266163
-0.0225656,0.207496,-0.283645
1.7676742,0.335278,-0.304243
-0.2793591,0.204259,-0.295252
2.44728433,0.471886,-0.234968
0.3930748,0.239264,-0.214233
0.0521025,0.305679,-0.237726
-0.187152575,0.305465,-0.253701
0.5039106,0.326193,-0.317866
0.719426,0.237949,-0.289633
-0.51341135,0.291837,-0.316691
1.04657979,0.336036,-0.212188
0.21300825,0.316165,-0.273132
0.6771653,0.245537,-0.25939
0.62529464,0.378895,-0.246287
0.68919386,0.272904,-0.424551
0.71475561,0.286865,-0.281389
-0.2112737,0.282295,-0.280314
0.35250106,0.259945,-0.255913
-0.12554432,0.269011,-0.252427
1.2520394,0.283806,-0.273099
2.4059181,0.354527,-0.214523
0.2103658,0.272839,-0.229152
1.59198631,0.332576,-0.257915
-0.28883128,0.30433,-0.223354
1.1936899,0.345674,-0.267491
-0.240998804,0.269405,-0.264801
-1.0217022,0.200053,-0.335301
0.42140307,0.330917,-0.227495
-0.96752754,0.281481,-0.272039
-0.69440124,0.206831,-0.294531
1.47204644,0.351102,-0.204922
1.28147248,0.302956,-0.255335
0.48115212,0.374758,-0.307608
-1.50254187,0.243193,-0.411769
0.33002807,0.223209,-0.319668
-1.2401573,0.196706,-0.325244
-0.44407907,0.261058,-0.272127
0.09835006,0.324299,-0.20904
-0.2723324,0.19545,-0.213354
0.56974509,0.35043,-0.258823
0.24498443,0.319435,-0.301426
-0.927549317,0.257532,-0.38458
0.22835121,0.251869,-0.342587
0.20284163,0.371013,-0.378221
1.11281257,0.296553,-0.316247
1.92158106,0.338778,-0.192983
1.13388886,0.264073,-0.175742
0.3550655,0.266538,-0.265936
1.7237827,0.389593,-0.274247
0.4741896,0.325901,-0.247479
0.54405906,0.385769,-0.325928
-1.7783889,0.236052,-0.374221
1.70318386,0.374591,-0.253895
-1.03938401,0.257188,-0.297267
0.6833558,0.354464,-0.339242
-0.7644808,0.349642,-0.418748
-1.47310579,0.282033,-0.341545
1.4042638,0.268628,-0.176298
-0.1408468,0.25932,-0.365351
1.55591115,0.29079,-0.277578
0.8991225,0.284685,-0.285671
-0.26410238,0.318384,-0.24598
1.80293971,0.319584,-0.244252
-0.37356231,0.215956,-0.321994
1.23746155,0.338707,-0.178157
1.053686,0.418204,-0.241241
0.1424954,0.268998,-0.322195
1.08627165,0.402682,-0.296733
-0.020180108,0.427461,-0.256027
1.1961795,0.357263,-0.2352
1.1104059,0.343447,-0.204402
-0.80707553,0.238376,-0.294581
-0.0602796,0.291601,-0.257213
-0.15568554,0.27736,-0.256114
-0.2239435,0.281339,-0.300146
-0.09152755,0.403002,-0.330679
-0.05336801,0.254669,-0.268865
-0.66301104,0.229414,-0.260814
0.36270286,0.260616,-0.223852
0.697984,0.385081,-0.297762
1.08737098,0.329753,-0.215558
-0.10412666,0.357474,-0.274431
0.57029121,0.333182,-0.298289
0.1888749,0.282402,-0.289223
-0.1340146,0.317636,-0.274997
-1.4223132,0.247842,-0.405928
-0.441735174,0.234959,-0.228997
-0.99372913,0.167233,-0.312326
0.95465585,0.312659,-0.224898
-0.187644259,0.310971,-0.223477
-0.79232225,0.296207,-0.416636
0.5258469,0.333081,-0.233441
-0.82525773,0.339211,-0.277764
-0.02003542,0.198598,-0.31653
0.0665359,0.166373,-0.212506
0.1281616,0.366615,-0.252801
0.19983605,0.304788,-0.316126
0.09431789,0.345333,-0.369778
-0.27409863,0.244963,-0.24936
2.0835143,0.357721,-0.172122
0.8743503,0.359411,-0.266927
0.7762693,0.261762,-0.270849
0.768144083,0.236323,-0.213254
1.19110406,0.267247,-0.233261
-0.3348109,0.257238,-0.279567
0.79796101,0.336959,-0.224732
-1.50752154,0.192245,-0.283547
0.28502894,0.391997,-0.268701
0.728017446,0.267427,-0.27785
1.4706708,0.438924,-0.183411
0.7347627,0.270572,-0.221345
0.8000264,0.353147,-0.330778
-0.19372225,0.316203,-0.228338
0.091309709,0.1995,-0.262312
1.0764947,0.43031,-0.276743
-0.128958246,0.361985,-0.210514
-1.41582134,0.285233,-0.284665
0.0745387,0.222095,-0.403118
0.92117193,0.34618,-0.154372
0.7767386,0.405025,-0.157531
-0.265002719,0.314937,-0.229002
0.452554237,0.316344,-0.322598
0.35387344,0.377042,-0.23356
0.70346972,0.235651,-0.165054
1.0235005,0.328626,-0.365466
0.25658661,0.279811,-0.273022
-0.82867469,0.189658,-0.348192
0.281352876,0.307984,-0.22133
1.0253374,0.292902,-0.254415
1.4526823,0.265185,-0.2983
1.6694294,0.422275,-0.313298
0.3599973,0.288958,-0.272117
-0.36470189,0.281518,-0.250895
-1.47879778,0.275469,-0.401836
1.30934223,0.327156,-0.278763
1.0698354,0.429362,-0.309658
0.469929792,0.354329,-0.360522
0.7341596,0.252235,-0.233367
0.092143,0.310041,-0.371936
0.6492966,0.327697,-0.396042
0.6659881,0.354504,-0.291369
2.0973442626,0.323487,-0.276725
1.448801907,0.317573,-0.180669
0.459956672,0.320411,-0.180063
-0.34573686,0.384435,-0.350496
0.40211544,0.329729,-0.208318
0.01266815,0.271026,-0.282964
0.7694927,0.36527,-0.33055
0.09403278,0.287717,-0.256288
1.9200819,0.268887,-0.284208
1.11474323,0.313838,-0.337225
-1.60649696,0.297312,-0.398978
0.3203045,0.331657,-0.256183
-1.3934753,0.263226,-0.311309
0.85779348,0.297688,-0.284599
-0.31659077,0.334597,-0.354445
-0.41983658,0.190171,-0.343125
1.72396,0.308893,-0.26975
0.100463319,0.355931,-0.291622
0.58940702,0.369191,-0.260731
-0.60800921,0.209705,-0.267645
-0.22455211,0.353408,-0.471351
-0.87478844,0.221892,-0.261208
1.38634296,0.330833,-0.24469
0.1292515,0.262702,-0.304778
0.96515337,0.299086,-0.27558
-0.81623722,0.362477,-0.333941
-0.43432354,0.328343,-0.327081
-0.8562122,0.342404,-0.374235
-0.2978488,0.278109,-0.343682
0.72892667,0.418365,-0.215119
0.45188014,0.351015,-0.334976
0.68196547,0.276336,-0.188478
-0.189508,0.294644,-0.241549
0.77254183,0.429029,-0.301639
0.18482204,0.21861,-0.279675
0.3565284,0.29902,-0.210734
-0.19832921,0.328488,-0.292209
2.8194132,0.360633,-0.231342
0.57002735,0.305099,-0.208888
0.68418697,0.286803,-0.288024
1.00520429,0.388958,-0.261244
0.1885303,0.211211,-0.307842
0.48774309,0.369314,-0.226814
0.916679654,0.27549,-0.175547
0.64305609,0.325574,-0.277405
1.543801,0.283899,-0.276796
-0.04796877,0.253649,-0.433569
-0.35886276,0.306432,-0.258764
-0.471553195,0.360242,-0.228687
0.41649801,0.380562,-0.21838
0.73392132,0.278948,-0.19034
0.6082519,0.292454,-0.296868
1.165048,0.435525,-0.248452
0.09240302,0.335487,-0.264803
-0.22780376,0.19655,-0.259385
1.38222996,0.315131,-0.214566
0.33612041,0.306528,-0.249437
1.27328262,0.298345,-0.168706
0.20289371,0.309924,-0.27957
1.16269882,0.304933,-0.222546
1.62478241,0.481408,-0.13801
1.4191956,0.239477,-0.194352
0.33250832,0.364699,-0.343739
-0.100807953,0.293758,-0.287909
1.5901885,0.433968,-0.500819
-0.82376387,0.26065,-0.30095
1.76514249,0.250921,-0.131164
1.06118033,0.289345,-0.354208
-0.18020345,0.21423,-0.567826
0.7478484,0.301727,-0.204428
0.00194616,0.307327,-0.284819
0.2632627,0.25582,-0.305397
0.7373107,0.324373,-0.282324
0.4086126,0.429514,-0.386894
0.44745985,0.271147,-0.246637
0.68254667,0.24951,-0.1969
0.54927177,0.312918,-0.368447
0.7743589,0.360727,-0.268739
0.83137351,0.354634,-0.22408
1.2430736,0.360992,-0.27398
1.4682969,0.276276,-0.251009
-0.1751581,0.310966,-0.263145
2.0247226,0.387134,-0.257842
-0.00483763,0.310124,-0.236709
1.38507418,0.346596,-0.252056
0.90944633,0.315368,-0.228512
0.5477575,0.236743,-0.244042
0.37506412,0.238134,-0.204275
0.8084229,0.339984,-0.249262
0.42775769,0.266715,-0.300995
-0.0119265,0.239595,-0.255615
-0.3026518,0.255651,-0.230106
1.73857598,0.306436,-0.153317
0.605017746,0.336529,-0.197845
1.266796932,0.330157,-0.23751
-0.03464222,0.325693,-0.347819
0.8529509,0.306941,-0.369047
0.9002829,0.323338,-0.217468
0.13134809,0.276116,-0.308851
0.860737596,0.252458,-0.313128
-0.9712914,0.352607,-0.290557
1.15034589,0.273976,-0.10688
-0.0616201,0.417068,-0.291942
0.4204113,0.331477,-0.300223
1.00022905,0.31329,-0.272742
2.0837082,0.315131,-0.217459
1.4010768,0.310069,-0.277976
1.2192255,0.392449,-0.278623
1.40945742,0.322403,-0.454204
-1.639396,0.233159,-0.351831
1.2242736,0.328943,-0.272327
-0.01560851,0.241676,-0.293596
1.7323825,0.288986,-0.176933
0.87286889,0.435271,-0.210161
-1.05288451,0.239383,-0.30641
0.89281083,0.405321,-0.317962
0.286710479,0.330325,-0.228695
1.034864695,0.344691,-0.231412
1.73068453,0.353627,-0.200152
1.006252089,0.297497,-0.27727
1.4373703,0.360963,-0.213282
0.14178351,0.276852,-0.357889
-0.50237704,0.222464,-0.396751
-0.8985514,0.214884,-0.320936
-0.4123128,0.336346,-0.260035
0.0656714,0.235753,-0.355234
0.3257122,0.437923,-0.311534
1.05643567,0.345285,-0.230647
-0.02607828,0.291703,-0.333596
1.8343939,0.296525,-0.258003
0.30518839,0.241606,-0.339448
0.35770741,0.298369,-0.31084
0.27095211,0.353729,-0.305629
0.11573048,0.288173,-0.244748
-0.87650289,0.20704,-0.294739
0.36514077,0.307072,-0.202652
1.3011876,0.281272,-0.273538
-0.47715821,0.177625,-0.330542
-0.045145072,0.268401,-0.282473
-0.14177434,0.395575,-0.305738
1.22762928,0.308064,-0.283437
-0.92072323,0.162735,-0.220479
-0.6533423,0.374044,-0.263921
0.10298695,0.363824,-0.382898
0.40643328,0.337373,-0.254772
0.859732,0.222881,-0.252284
0.05788563,0.269724,-0.297956
0.49310876,0.259625,-0.128415
0.1675183,0.490049,-0.245523
0.28434683,0.297857,-0.29355
-0.46752784,0.215148,-0.286625
-1.4104282,0.20296,-0.319673
-0.59968784,0.315345,-0.213084
1.2313126,0.337369,-0.257875
0.5153575,0.34982,-0.284104
-0.94793696,0.190685,-0.271103
0.2727545,0.268157,-0.241332
1.1802283,0.320978,-0.236669
0.7487416,0.269622,-0.330798
1.22365938,0.303755,-0.31521
-0.93428444,0.307661,-0.268779
0.82742135,0.29696,-0.302684
1.64985902,0.290864,-0.153898
1.20374206,0.30412,-0.292662
-0.310267831,0.330069,-0.364325
-0.4475695,0.40931,-0.331752
-0.4959811,0.27752,-0.241457
0.44944379,0.254198,-0.272537
0.32032492,0.418826,-0.360242
-0.1844064,0.378695,-0.3113
1.7470466,0.471664,-0.259407
0.29895276,0.322552,-0.314896
1.80306571,0.299985,-0.300248
1.25115353,0.373488,-0.182828
-0.504657674,0.313442,-0.397237
0.5234427946,0.305982,-0.203136
-0.58299348,0.281125,-0.288361
-0.02774928,0.250606,-0.304975
1.9644292,0.351945,-0.230719
1.150043848,0.389754,-0.431301
0.52632203,0.324249,-0.191512
0.86151916,0.346512,-0.169668
0.1649998,0.428923,-0.244506
0.36826717,0.346935,-0.239103
1.523830399,0.326772,-0.256413
1.3916626,0.319438,-0.222881
1.89538303,0.345398,-0.257923
1.32801099,0.390644,-0.258075
0.53163312,0.321304,-0.339139
0.22727307,0.314296,-0.223276
-0.46161621,0.298297,-0.327293
0.8532029,0.352989,-0.324345
0.90294327,0.275033,-0.171688
1.18518798,0.344882,-0.300811
0.635733994,0.290273,-0.254555
0.2204347,0.244192,-0.258716
0.48020892,0.268952,-0.286838
-0.7577687,0.304544,-0.230684
0.82148,0.303628,-0.15276
-0.4815488,0.235127,-0.304199
0.54275669,0.21645,-0.309998
-0.2746252,0.322858,-0.284273
1.0089612,0.374092,-0.283302
1.3395245,0.326062,-0.36316
0.943825,0.283759,-0.197558
-0.3169395,0.285557,-0.338678
-1.1128331,0.244519,-0.368702
-0.325709,0.383054,-0.300217
-0.18312901,0.305193,-0.28295
0.04305936,0.356018,-0.314225
0.6099948,0.281633,-0.224828
-0.0238377,0.246725,-0.230252
3.2743809,0.311527,-0.112755
0.41493333,0.399293,-0.368637
2.0968506,0.330801,-0.271128
-0.09796136,0.36728,-0.3188
-1.65621571,0.219387,-0.368989
-0.3704516,0.275919,-0.290485
1.22442112,0.331686,-0.235757
1.32896618,0.447327,-0.408238
0.61916102,0.33307,-0.195735
0.18288476,0.335469,-0.305469
0.9109935,0.297749,-0.346488
-0.2421972,0.280239,-0.373763
-0.09266146,0.313317,-0.275173
-0.0573264,0.468419,-0.269275
0.10578163,0.332215,-0.243187
0.669468764,0.275089,-0.209644
0.90543003,0.343765,-0.289958
1.1466345,0.368746,-0.24226
0.4147013,0.287952,-0.331128
0.74516166,0.2011,-0.207389
0.336906833,0.347392,-0.236214
0.90133581,0.273495,-0.181359
0.81509809,0.283995,-0.307863
0.048614,0.244822,-0.275096
1.91557448,0.332489,-0.20332
0.55030623,0.33874,-0.283369
1.15033738,0.338381,-0.299662
-0.15718676,0.214458,-0.190403
1.215082,0.273449,-0.189366
-0.64647263,0.161314,-0.281198
-0.31239411,0.371378,-0.2574
0.80422849,0.350783,-0.329011
1.15524548,0.268744,-0.277766
0.84436651,0.307746,-0.195584
1.88273398,0.319954,-0.163712
0.19495868,0.276721,-0.230951
0.23101787,0.30474,-0.25272
0.4264053,0.302431,-0.323959
1.21120984,0.322576,-0.231782
0.5700357,0.355059,-0.309878
2.1994301,0.425623,-0.289208
0.86435634,0.289309,-0.166248
1.1705833,0.271866,-0.234221
0.1669133,0.208893,-0.23886
-1.78970227,0.138204,-0.361423
-0.06896342,0.302767,-0.277442
0.3301157,0.375184,-0.325229
-0.63211205,0.305067,-0.221246
1.29964057,0.308482,-0.298835
0.86462383,0.475643,-0.271688
0.3357309,0.330794,-0.209774
-0.03152039,0.328486,-0.3362
0.84127195,0.274146,-0.288306
0.0310996,0.313334,-0.385356
-0.4063137,0.273922,-0.358735
1.01052989,0.294002,-0.238908
0.9120432809,0.290317,-0.198533
0.3942464,0.351979,-0.379531
0.0246117,0.295022,-0.277687
1.07081387,0.377268,-0.202025
0.8971669,0.30756,-0.161057
-0.5752804,0.223617,-0.325255
0.9083209,0.489332,-0.264153
0.708112,0.324935,-0.311602
1.07921532,0.362042,-0.207995
0.73887854,0.371651,-0.351887
-0.32679567,0.223368,-0.198119
0.12474982,0.318478,-0.304999
0.23329412,0.288502,-0.307773
-0.04871213,0.310301,-0.266455
0.86618927,0.284685,-0.368853
-0.10377408,0.15208,-0.319042
1.69330228,0.3448,-0.265657
-0.4404408,0.335217,-0.396376
-0.9595165,0.350063,-0.296192
-1.2665446,0.253408,-0.331568
0.961857151,0.322658,-0.278507
1.52766995,0.404892,-0.210295
1.53585266,0.365089,-0.211726
1.39201996,0.262897,-0.172434
0.69219221,0.384454,-0.238909
1.2290327,0.319045,-0.354529
0.20905699,0.367141,-0.291356
0.6028066,0.335453,-0.285137
1.13812613,0.319509,-0.258843
-0.01003863,0.240777,-0.233012
-0.7123479,0.291698,-0.280195
2.000756898,0.368945,-0.170956
-0.64267427,0.216372,-0.28086
0.94631264,0.26282,-0.157819
-0.71885509,0.271156,-0.285122
0.0082998,0.296244,-0.257758
1.16718186,0.305388,-0.220556
1.52313406,0.289787,-0.336499
0.47584901,0.393463,-0.343861
0.61443573,0.348659,-0.269236
0.7599017,0.316499,-0.338176
1.37470871,0.342977,-0.208304
1.660032696,0.361284,-0.235581
0.42755065,0.384359,-0.310503
1.3607989,0.299812,-0.195129
1.71333616,0.383725,-0.178768
0.10603294,0.267686,-0.154724
1.72879574,0.383565,-0.184829
1.2778623,0.332895,-0.204518
0.87457344,0.363814,-0.323805
0.5739178,0.235423,-0.326513
0.376745782,0.260599,-0.215715
0.71542747,0.296948,-0.342536
-0.9750919,0.248438,-0.333736
0.95418718,0.396484,-0.225724
-0.7425828,0.401706,-0.327449
0.15430461,0.254565,-0.251822
0.00893878,0.277212,-0.250218
1.843133178,0.449371,-0.429043
2.85240584,0.337166,-0.209016
0.18097329,0.259599,-0.263331
0.88530082,0.355268,-0.243467
-0.0539047,0.348441,-0.309855
1.40956703,0.294478,-0.206475
0.7231898,0.267906,-0.243418
0.38938601,0.257638,-0.310684
1.42662238,0.345619,-0.260568
0.03563306,0.275102,-0.25131
-0.6284805728,0.323627,-0.288644
0.918957,0.290593,-0.207963
2.02514975,0.331555,-0.293488
0.8257202,0.255179,-0.259005
1.3234267,0.272513,-0.308758
0.12667558,0.283922,-0.287085
0.12689725,0.461237,-0.21486
-0.59309103,0.273731,-0.242643
0.3978139,0.296716,-0.31229
0.7674966,0.280485,-0.354674
1.61662495,0.273536,-0.181533
1.14304264,0.264346,-0.183584
0.10505,0.266596,-0.232262
-0.1070657,0.296149,-0.25682
1.6045211,0.287782,-0.186332
0.8779781,0.228466,-0.12109
-0.70301626,0.256327,-0.321922
0.8447306,0.426508,-0.338632
0.54946527,0.408341,-0.283252
0.3620992,0.375824,-0.37326
1.0408456,0.189848,-0.211847
0.821811991,0.379827,-0.171808
1.19412794,0.336362,-0.37496
1.7519292,0.328393,-0.165832
-0.8259544,0.333867,-0.303464
1.11435974,0.304535,-0.292943
1.77152446,0.453415,-0.220023
0.3856682,0.303358,-0.325439
0.27731415,0.288794,-0.309256
1.259159338,0.286817,-0.277073
0.21422256,0.242013,-0.363
1.463953161,0.305189,-0.381397
0.5676939,0.320096,-0.305909
1.3659304,0.309617,-0.171747
0.8888395,0.311008,-0.343128
2.0935572,0.379389,-0.342457
2.105135581,0.343999,-0.198237
-0.00067992,0.35753,-0.325227
0.9214193,0.271025,-0.337018
1.09496213,0.285866,-0.275011
0.39957236,0.326452,-0.393176
0.9701661,0.378147,-0.37209
0.2707939,0.370296,-0.350227
1.25365168,0.238708,-0.174678
0.3953078,0.227505,-0.245443
0.68637892,0.306394,-0.2254
1.95826722,0.331246,-0.436296
2.1477837,0.300893,-0.261488
0.8948764,0.300242,-0.226501
1.9446279,0.271474,-0.183489
-0.39840235,0.239268,-0.242111
0.92930767,0.319372,-0.216031
2.0046324,0.24565,-0.227497
2.24613434,0.388569,-0.322783
0.922106,0.460524,-0.217677
-0.29363046,0.248716,-0.403687
0.6600292,0.346619,-0.260155
0.972004,0.320303,-0.171972
0.44824243,0.307803,-0.299841
0.74993167,0.258002,-0.193905
2.40441562,0.438721,-0.16462
0.71614183,0.292287,-0.218919
0.38360224,0.521387,-0.233857
0.4282926,0.352966,-0.328654
1.012412715,0.32668,-0.178621
0.295546643,0.235861,-0.404529
1.8557005,0.313043,-0.112103
1.0827717,0.425524,-0.201435
0.32334467,0.199085,-0.27138
1.34965029,0.391018,-0.161718
1.2828903,0.263658,-0.154033
0.57410079,0.279669,-0.258366
1.83920976,0.34469,-0.278257
2.03737924,0.368326,-0.226425
-0.5997477,0.298719,-0.528713
2.1016615,0.326545,-0.140644
0.87354609,0.308757,-0.252114
2.46443466,0.391561,-0.201117
-0.01439629,0.390346,-0.346506
0.56654074,0.288604,-0.234913
1.28986944,0.3905,-0.48102
3.3261103,0.343461,-0.127532
0.4125234,0.276606,-0.266297
0.69350958,0.297146,-0.298738
-0.04549148,0.290863,-0.226784
1.38854473,0.380603,-0.205975
1.36814839,0.286352,-0.205106
0.89001116,0.326194,-0.33305
1.4991486,0.266609,-0.248399
1.576462,0.287961,-0.202682
0.55999,0.501044,-0.281005
1.07855614,0.221528,-0.237386
0.1830104,0.370753,-0.296632
1.75484625,0.310839,-0.270477
-0.64448825,0.222213,-0.282351
1.6694229,0.29755,-0.278865
0.712319233,0.401128,-0.297376
-0.2103251,0.352455,-0.256581
1.3102993,0.325449,-0.232771
1.75982524,0.353309,-0.214275
0.8052334,0.367416,-0.308001
1.4453087,0.353903,-0.202822
-0.074157374,0.346524,-0.310408
0.49486543,0.253128,-0.324576
1.69202558,0.514238,-0.356279
1.97497133,0.291153,-0.108622
1.24594643,0.34804,-0.302473
0.25700462,0.284593,-0.280155
-1.19262546,0.362593,-0.30178
0.3770055,0.342125,-0.26798
0.33084409,0.418272,-0.215874
1.29401006,0.356278,-0.253621
1.2928039,0.378475,-0.263429
1.405748821,0.335456,-0.228962
1.1620667,0.306895,-0.241983
0.12544964,0.20308,-0.294796
1.119092,0.356581,-0.21708
0.845882493,0.320654,-0.223253
-0.13000444,0.226259,-0.228525
0.64357273,0.387866,-0.271107
0.6076199,0.317149,-0.218131
-0.4731856,0.372501,-0.306948
0.53486855,0.523048,-0.253458
-0.07595445,0.241395,-0.336906
-0.34563847,0.295065,-0.320609
0.56975087,0.353996,-0.305005
1.7725403,0.324195,-0.288911
0.912844604,0.28735,-0.257868
0.03931616,0.264201,-0.238159
1.38556914,0.350794,-0.323956
0.57535353,0.33149,-0.281256
1.41849941,0.291502,-0.211912
1.5963392,0.344967,-0.244075
1.12129159,0.290313,-0.219051
-0.1281897,0.307617,-0.312194
0.1241519,0.306988,-0.305244
0.9552681,0.345693,-0.185457
0.19274314,0.357946,-0.273092
-0.0141294,0.29906,-0.204291
0.94031483,0.399488,-0.274233
-0.5799485,0.313055,-0.344509
0.9469186,0.358642,-0.306317
0.35663426,0.278166,-0.345387
0.74052713,0.305351,-0.263779
0.68601465,0.349681,-0.501882
2.49634361,0.373957,-0.111963
2.2477308,0.366285,-0.204652
-0.02377094,0.311128,-0.267416
0.550687137,0.240494,-0.240625
-0.2064279,0.283727,-0.285553
0.5208681,0.33722,-0.310578
0.52980895,0.326315,-0.350756
-0.80787135,0.218863,-0.316832
1.19355159,0.261671,-0.323944
-0.01651905,0.378023,-0.432425
-1.3485099,0.337303,-0.304258
-0.6251134,0.407067,-0.303572
1.15047499,0.355428,-0.247125
1.2008299,0.391325,-0.254903
1.54806995,0.356776,-0.223954
0.94613343,0.358947,-0.207253
1.15921458,0.289357,-0.319509
1.5632358,0.39925,-0.206406
0.931061173,0.319996,-0.362452
0.22226572,0.292662,-0.223926
1.2988387,0.464247,-0.249089
0.89854836,0.231317,-0.194821
-0.3139732,0.291636,-0.446113
-0.74054402,0.251743,-0.27611
0.6760101,0.415736,-0.28634
1.44880357,0.352019,-0.199229
-0.5940888,0.266314,-0.291655
0.6995463,0.285675,-0.297309
2.46938926,0.345395,-0.130403
1.20698698,0.339804,-0.26895
0.80081015,0.240345,-0.244252
0.21259817,0.361345,-0.292287
2.1557561,0.399002,-0.243106
0.3012729,0.263124,-0.380275
1.479825226,0.336047,-0.251191
1.20166479,0.275976,-0.19632
-0.18300349,0.276175,-0.304247
1.240004999,0.279442,-0.262236
1.56220357,0.320124,-0.3458
0.7480623,0.317111,-0.295953
0.752249,0.414955,-0.276882
0.644966,0.371371,-0.228273
0.32567042,0.317664,-0.335749
1.61809268,0.534706,-0.256205
0.46816132,0.24448,-0.218228
1.62226308,0.286683,-0.185329
0.63327305,0.311011,-0.265136
-0.03449163,0.248306,-0.181674
-0.0906628,0.231636,-0.333109
1.3678828,0.302566,-0.208692
-0.329269499,0.274136,-0.274392
0.7132633,0.293387,-0.301661
0.4440131,0.337152,-0.221663
0.53088629,0.356915,-0.138724
0.04298909,0.266803,-0.302351
0.7167878,0.347587,-0.240402
0.89976323,0.437627,-0.319714
-0.4308266,0.17669,-0.294966
0.50213239,0.282136,-0.30216
0.15543725,0.310991,-0.240033
1.18022925,0.34639,-0.334233
0.1330693,0.321952,-0.311911
-0.1504878,0.297301,-0.21101
0.1401114,0.19689,-0.204733
1.199661842,0.234309,-0.25178
1.57644865,0.345743,-0.292274
-0.76032594,0.319122,-0.348019
1.29942339,0.298104,-0.229746
1.87474071,0.307666,-0.23018
1.78577066,0.381299,-0.198154
1.1040625,0.323272,-0.188824
0.9303077,0.369645,-0.206514
0.0700594,0.276168,-0.279641
1.58296555,0.311786,-0.259595
-0.0643221,0.258525,-0.245099
0.2080845,0.264396,-0.222627
2.22867826,0.347862,-0.263797
1.5403676,0.294256,-0.305941
0.9432414,0.393231,-0.276235
0.3862855,0.329922,-0.376536
-0.27557765,0.270584,-0.285195
0.57893351,0.278028,-0.26716
1.019049148,0.230713,-0.236414
-0.06296266,0.399338,-0.369011
1.3653349,0.278461,-0.277849
0.20647564,0.328548,-0.3601
1.4396232,0.349118,-0.217634
1.21435826,0.318297,-0.264059
0.12324445,0.329907,-0.214016
0.3395935,0.346804,-0.314975
-1.16863996,0.196826,-0.346841
2.2260071,0.336098,-0.123053
0.454374455,0.217222,-0.18556
1.18686578,0.386392,-0.395392
0.95978527,0.358926,-0.284016
1.35844047,0.34457,-0.358509
2.1915574,0.352342,-0.23439
0.46212989,0.259917,-0.323742
1.26203091,0.305827,-0.31798
0.9358164,0.25104,-0.185253
1.59780314,0.21893,-0.0993899
-0.49719856,0.179739,-0.330817
1.0740872,0.431551,-0.356877
0.89881704,0.388173,-0.196022
0.84826701,0.316794,-0.287469
0.6847642,0.325191,-0.285194
0.89001060298,0.303527,-0.319178
1.93968785,0.269814,-0.125623
0.8941195,0.310774,-0.35632
0.32244328,0.305258,-0.5521
0.4488433,0.372525,-0.449985
1.84326004,0.285044,-0.19542
-0.2348189,0.331468,-0.319648
0.84195533,0.249573,-0.269218
0.01896257,0.352202,-0.25523
0.7764569,0.272065,-0.475363
1.45230878,0.336101,-0.362445
3.1066538,0.32906,-0.133774
1.9948048,0.291732,-0.361216
1.3123762,0.466845,-0.277879
0.96789535,0.465818,-0.162862
2.4417596,0.341826,-0.222429
-0.32340914,0.292479,-0.310154
-0.141377456,0.335928,-0.312998
1.3774169,0.346024,-0.277147
-0.36485554,0.266491,-0.215936
1.64861955,0.287961,-0.160354
1.03519957,0.421074,-0.305308
1.16519771,0.358539,-0.144209
0.3191339,0.259257,-0.230973
1.46097285,0.32114,-0.255551
0.80510118,0.259896,-0.188007
0.1400434,0.36593,-0.199318
1.507228,0.588216,-0.240771
-0.34415007,0.327241,-0.405541
1.5325356,0.345515,-0.243035
1.30149161,0.303443,-0.26541
1.15601812,0.241796,-0.234636
0.36436828,0.334225,-0.24905
2.14540114,0.274594,-0.150566
1.5321214,0.394196,-0.326397
0.88608751,0.423474,-0.281993
-0.25011786,0.212692,-0.239844
0.87138135,0.277856,-0.28714
0.5250159,0.345636,-0.397592
0.25802157,0.30907,-0.227213
2.09043092,0.33766,-0.304247
1.138963869,0.336413,-0.203322
0.42198593,0.187073,-0.252297
0.68814185,0.311349,-0.205985
-0.49724669,0.241582,-0.290248
1.3139766,0.377858,-0.278027
0.60301443,0.281529,-0.244533
-0.06852991,0.291403,-0.155606
1.4393907,0.305125,-0.256443
0.30203592,0.350937,-0.193107
0.18375506,0.320418,-0.279905
2.22893247,0.40662,-0.227306
-0.06798473,0.362668,-0.267976
0.2186481,0.286022,-0.270008
1.04905827,0.398137,-0.19668
0.4571976,0.297632,-0.256711
0.155474039,0.339692,-0.220732
1.97484962,0.271297,-0.194467
-0.09932863,0.226342,-0.325909
0.9544559,0.347873,-0.270617
-0.14628683,0.28442,-0.278426
0.48273974,0.321457,-0.204188
1.04211421,0.367906,-0.216948
0.85080323,0.312648,-0.277995
0.7510699,0.279447,-0.260911
0.089807582,0.282009,-0.251967
0.85384843,0.278968,-0.294232
1.34649883,0.297971,-0.214619
0.9549431,0.397728,-0.238271
1.1127852,0.272648,-0.255234
0.3383992,0.267801,-0.30289
0.54864345,0.312476,-0.325299
0.3981845,0.309225,-0.35185
0.37401001,0.307573,-0.380355
1.5381881,0.33518,-0.166103
0.759672,0.34362,-0.334487
0.8863621,0.343995,-0.194331
0.2431895,0.246976,-0.281255
0.96434188,0.381828,-0.307573
1.33150927,0.28934,-0.270274
0.691051,0.270981,-0.214704
0.093328179,0.279787,-0.257404
0.19165712,0.278643,-0.284677
0.743414,0.28006,-0.236756
-0.363916015,0.310757,-0.223604
0.183189787,0.277853,-0.255479
0.10730118,0.332432,-0.356203
-0.75245281,0.332443,-0.246534
0.77997131,0.292118,-0.294568
0.1594713,0.401915,-0.33496
0.75852515,0.333758,-0.235951
1.92948126,0.340378,-0.272271
0.3157708,0.363245,-0.309731
0.60511903,0.254388,-0.262634
1.93456523,0.369053,-0.229888
0.42388823,0.276572,-0.300924
2.4452511,0.411225,-0.157719
0.78504823,0.349628,-0.315225
0.73850375,0.281267,-0.200736
1.82526945,0.32049,-0.386526
0.0565455,0.430466,-0.227008
-0.3615584,0.223211,-0.237207
-0.488343853,0.415615,-0.355469
0.55751999,0.350541,-0.271722
1.21994955,0.29016,-0.193097
1.09775825,0.312934,-0.300622
0.2428999,0.310176,-0.281349
-0.08834823,0.321665,-0.304184
0.27979549,0.314034,-0.237857
0.50700787,0.365856,-0.313723
0.92630461,0.329329,-0.297706
1.8392792717,0.436644,-0.228285
2.01657447,0.401979,-0.204147
-0.4451806,0.325219,-0.313073
-0.22268508,0.315805,-0.276121
1.58394161,0.361643,-0.188941
0.0043883,0.310276,-0.263806
-0.2441356,0.39265,-0.309847
0.751896241,0.280186,-0.200413
0.385033887,0.394622,-0.233554
0.30574196,0.33698,-0.221116
1.78211,0.447259,-0.253982
0.6625217,0.312086,-0.34048
-0.56684415,0.375751,-0.258322
0.2173571,0.338674,-0.264894
0.7521174,0.299006,-0.221906
0.0272438,0.29329,-0.350647
-0.6906369,0.267309,-0.301163
1.01829678,0.256013,-0.304511
1.4128507,0.305521,-0.35104
1.3987261,0.290436,-0.245623
1.5738056,0.388695,-0.342412
-1.0276955,0.208179,-0.251318
0.4928901952,0.241522,-0.262836
0.4772062,0.256489,-0.303396
1.0339668,0.38322,-0.251818
1.85960132,0.393803,-0.238379
0.73804173,0.24509,-0.239349
1.71442072,0.311733,-0.288006
0.795217185,0.344702,-0.339848
1.51188402,0.265212,-0.219331
0.33449789,0.413071,-0.27342
0.2555876,0.313514,-0.258211
2.41827176,0.33112,-0.163019
0.17352073,0.257071,-0.232371
0.81299559,0.324557,-0.256306
1.5799204,0.294413,-0.297351
0.489281906,0.155229,-0.175706
0.98496037,0.348024,-0.20749
0.25947348,0.234523,-0.395316
0.94151216,0.330954,-0.34193
1.2119285,0.293119,-0.345283
0.59557117,0.324783,-0.361474
2.34210653,0.324822,-0.267278
0.42617848,0.216066,-0.288544
0.93723878,0.334731,-0.258545
0.13355823,0.225894,-0.360019
-0.1475351,0.259828,-0.253723
1.352136,0.248656,-0.162388
-0.52332694,0.25104,-0.275924
0.6147927,0.300406,-0.287973
-0.056088669,0.267751,-0.240411
-0.12798145,0.249284,-0.346741
1.1147516,0.37943,-0.259343
0.7092959,0.321739,-0.263988
1.07754281,0.373912,-0.296415
1.17178109,0.355287,-0.256586
0.00276972,0.376029,-0.259423
1.55642901,0.344852,-0.296387
0.464384903,0.239605,-0.196038
0.214463874,0.201657,-0.174484
-0.1169022,0.280182,-0.26428
1.01069412,0.274787,-0.192719
1.11601035,0.317865,-0.23046
0.46427024,0.299827,-0.198002
1.4857469,0.308099,-0.290769
2.06409687,0.377807,-0.180246
1.64087579,0.283361,-0.190138
1.046352,0.356033,-0.23908
0.11988574,0.296706,-0.374592
1.2860531,0.280726,-0.222371
0.63419264,0.229366,-0.262509
0.3249539,0.26572,-0.224348
1.1532339,0.351059,-0.276944
0.6834705,0.310654,-0.228351
0.85053724,0.253172,-0.283093
0.39090883,0.308751,-0.253265
0.78174206,0.236535,-0.222577
0.1019294,0.292539,-0.296925
0.1838031,0.411823,-0.232154
0.768951313,0.309137,-0.305601
0.7352798,0.318065,-0.201351
1.49787458,0.335037,-0.361368
0.572622294,0.330221,-0.330216
-0.4185198,0.311676,-0.289743
-0.34222542,0.21058,-0.380166
1.6933916,0.482824,-0.279944
0.9236395,0.330161,-0.253249
1.4750893,0.394214,-0.388403
0.560872091,0.311347,-0.174113
1.37349066,0.31774,-0.219617
2.00538293,0.454513,-0.248471
0.92905522,0.317448,-0.249046
0.3346299,0.352397,-0.304811
-0.1176726,0.259143,-0.255643
0.62355262,0.429389,-0.335418
1.73999499,0.279543,-0.225508
0.2283369,0.246051,-0.343001
0.199261007,0.286837,-0.294053
1.63529728,0.367001,-0.291922
0.60298645,0.237732,-0.16803
0.7271717,0.247128,-0.241786
0.1190063,0.271473,-0.270406
1.2217368,0.321156,-0.175613
1.40814692,0.311639,-0.300232
0.2514187,0.292353,-0.286765
0.14193919,0.445693,-0.30549
-0.22437143,0.261357,-0.370461
0.50430008,0.332762,-0.27882
2.114867,0.308355,-0.221536
-0.277312637,0.410009,-0.310754
1.37252252,0.375941,-0.265153
0.20085909,0.24571,-0.264334
-0.1702832,0.236408,-0.167579
0.5752540914,0.329,-0.305839
1.0525763,0.319057,-0.23571
-0.0724848,0.327718,-0.238363
0.75593307,0.322714,-0.202971
0.1802412,0.347438,-0.290161
0.14445234,0.288206,-0.280666
0.3094637,0.245444,-0.352078
0.2166,0.395168,-0.267732
2.1267779,0.345407,-0.163291
0.0473355,0.328269,-0.319967
1.2027555,0.355731,-0.300702
0.5605697,0.383935,-0.218019
0.92850823,0.354687,-0.276241
1.5832937,0.285868,-0.224104
0.35827706,0.294379,-0.171423
0.7540001,0.268911,-0.301696
1.070270775,0.23802,-0.285677
-0.06871296,0.235751,-0.172316
1.53734825,0.313038,-0.252761
-0.236484099,0.332437,-0.27967
0.6996211677,0.381482,-0.238134
0.16521692,0.323073,-0.309097
-0.63038608,0.231432,-0.263796
0.8409518,0.334999,-0.3078
0.47358075,0.307067,-0.170678
-1.05095288,0.199599,-0.375566
0.9006024,0.388766,-0.233569
1.43757,0.286149,-0.186229
0.57378923,0.251845,-0.329034
-0.3906182,0.324718,-0.309391
0.6477721,0.377478,-0.178006
-0.6992439,0.271902,-0.356433
1.048673,0.283263,-0.157434
0.680092353,0.355217,-0.214945
1.96329424,0.411126,-0.169383
-0.35244364,0.198558,-0.300968
0.006514614,0.242529,-0.313616
1.481560156,0.330266,-0.278186
1.1370479,0.336921,-0.294874
0.6227185,0.348036,-0.302482
-0.79557345,0.202662,-0.283131
2.56165312,0.354609,-0.222313
2.35631362,0.390624,-0.258846
1.19044598,0.383317,-0.209727
1.11959622,0.358336,-0.28906
-0.2672235781,0.346627,-0.300846
0.23713577,0.298335,-0.287054
1.6465529,0.341107,-0.159691
-0.5472948,0.321739,-0.343272
1.69494465,0.332603,-0.277028
0.0526272,0.30136,-0.276742
-0.14714292,0.302606,-0.270273
-0.25467474,0.189331,-0.263907
-1.39868559,0.347187,-0.371096
1.11906791,0.244647,-0.226378
0.58409941,0.335642,-0.321814
0.8785739,0.251817,-0.320668
0.14349742,0.287511,-0.263835
0.59000726,0.296873,-0.387641
2.13071794,0.392818,-0.200441
0.44634358,0.364925,-0.263948
-0.22296813,0.393094,-0.211366
-0.13060049,0.245221,-0.302613
-0.778021413,0.363521,-0.313516
0.24111824,0.27585,-0.202298
1.4986596509,0.498214,-0.146979
2.1389279,0.353976,-0.327664
0.6706539,0.307205,-0.230636
0.7529076,0.335564,-0.243105
-0.65479074,0.276308,-0.224603
1.9387112,0.342984,-0.165465
-0.57204822,0.347394,-0.260074
-0.8109841,0.269802,-0.268055
2.3481071,0.379843,-0.147179
0.82902654,0.283521,-0.198487
1.358966391,0.348294,-0.173861
1.83445298,0.291688,-0.232556
0.7271944,0.424747,-0.312188
0.78846454,0.314466,-0.281202
0.61578759,0.371598,-0.239982
1.5829268,0.421472,-0.221726
0.40902007,0.252366,-0.334904
1.2548337,0.491857,-0.286217
-0.0362322,0.241618,-0.377696
-0.36197266,0.208532,-0.321102
0.06348133,0.265477,-0.277249
0.3675806,0.250274,-0.310416
-0.6944676,0.263809,-0.352843
0.78219841,0.290645,-0.199441
0.9773583,0.295822,-0.179931
1.0281586,0.277343,-0.181872
1.58694473,0.445769,-0.340816
-0.05789082,0.364075,-0.235025
0.57951624,0.30355,-0.278476
1.4471723,0.308098,-0.333949
1.2582162,0.276995,-0.206881
0.11648,0.280313,-0.187998
0.84913608,0.333638,-0.231505
0.77658364,0.372827,-0.297614
1.5874705,0.360444,-0.271035
-0.4927926,0.498063,-0.339408
1.292714311,0.431269,-0.185413
0.45207764,0.321656,-0.289384
0.838652,0.431615,-0.189648
0.2310522,0.20447,-0.244972
-0.18800529,0.337368,-0.247847
1.48538106,0.411834,-0.286422
0.174891032,0.287061,-0.278776
1.1595104,0.37518,-0.311192
0.9497662,0.34107,-0.240582
0.2977871,0.288926,-0.288857
-0.01879705,0.207435,-0.29293
-0.79714723,0.293168,-0.339886
-0.20262308,0.393406,-0.283284
0.55530082,0.240925,-0.298118
0.85414966,0.331222,-0.202988
0.577530984,0.255547,-0.215363
-0.63581283,0.339277,-0.272554
0.4685981,0.326593,-0.326406
-0.30049582,0.276696,-0.23954
1.7164541,0.3399,-0.14682
-0.262923207,0.211217,-0.303192
0.871894,0.434301,-0.256636
1.09672083,0.245283,-0.33578
0.43043627,0.271275,-0.222618
-0.2963534,0.210212,-0.281525
0.28331467,0.220744,-0.271175
0.18306978,0.276093,-0.327834
1.35237285,0.358903,-0.214299
-1.13815725,0.342402,-0.272999
0.95854049,0.401279,-0.301714
0.50684667,0.362556,-0.219156
-0.4370265,0.284064,-0.389693
0.97445702,0.277021,-0.232575
-0.8834572,0.407193,-0.239884
0.9844442,0.334219,-0.264075
0.25972307,0.366602,-0.257802
-0.30111449,0.311015,-0.275827
0.73631887,0.33815,-0.223607
1.7902689,0.340568,-0.176767
1.16206502,0.310179,-0.247413
-0.1502616,0.26753,-0.342852
-0.5605226,0.295563,-0.267711
1.07622176,0.371091,-0.366387
1.47407976,0.288822,-0.261099
0.94686246,0.356662,-0.334578
0.98586362,0.269311,-0.283231
1.7878298,0.278372,-0.271425
0.6781309,0.287064,-0.233018
0.75407852,0.317002,-0.262209
0.6952849,0.308882,-0.313149
-0.1584078,0.270149,-0.261569
0.68028206,0.419442,-0.379486
0.473381205,0.299257,-0.39309
1.66169246,0.36151,-0.183772
1.03274734,0.35378,-0.240642
-0.4892746,0.146209,-0.272367
0.734556499,0.21882,-0.345926
-0.3524692,0.235762,-0.353162
-1.289656,0.13949,-0.292711
0.66863356,0.344059,-0.286612
-0.06252548,0.227181,-0.1858
0.67715642,0.254146,-0.412898
-1.2247862,0.201813,-0.322085
0.614372881,0.321908,-0.324882
-0.77180248,0.17109,-0.253826
1.29962488,0.284309,-0.169005
0.5207661,0.443958,-0.29859
0.10720228,0.294948,-0.26813
-1.42715605,0.194657,-0.335461
-0.03349933,0.256825,-0.299689
0.9335824,0.34491,-0.265367
1.3524903,0.322935,-0.187446
-0.96818412,0.343176,-0.24357
0.24421051,0.195077,-0.184588
0.9413992,0.30206,-0.333449
1.42619589,0.398829,-0.261013
0.563722352,0.255105,-0.302432
1.57993606,0.333238,-0.237224
-0.14902362,0.354519,-0.361826
0.0810482,0.190226,-0.186097
0.0041819,0.281327,-0.286319
1.0050724,0.320607,-0.239345
-0.08780823,0.257447,-0.339203
1.13468938,0.356023,-0.287584
0.31599,0.197999,-0.25341
-1.00271457,0.301565,-0.363932
1.36546157,0.383426,-0.244265
0.99991056,0.399544,-0.214488
0.63115023,0.372329,-0.303579
-0.5535746,0.249689,-0.371596
-0.30531468,0.304023,-0.247027
0.379098,0.244557,-0.272067
-0.64823651,0.253583,-0.343438
1.67208608,0.336238,-0.246505
0.67034148,0.313001,-0.233628
-0.521316405,0.241464,-0.243925
0.8085153,0.340725,-0.359139
-1.10344195,0.218397,-0.31987
0.46938474,0.344003,-0.284889
1.0361354,0.373553,-0.232892
0.95739757,0.280328,-0.286193
0.63695048,0.205542,-0.184212
1.78538529,0.297943,-0.185934
-0.2074367,0.312769,-0.286145
0.944794,0.263114,-0.265443
1.1962034,0.475144,-0.336165
1.1923022,0.316231,-0.309319
0.84956076,0.309008,-0.233715
0.4468836,0.350864,-0.325886
-0.3054015,0.245401,-0.222331
2.3594751,0.281532,-0.18371
0.9609748,0.207315,-0.286804
0.4088129,0.312155,-0.188291
-2.090086,0.295008,-0.352672
0.59638493,0.358044,-0.269371
0.94743866,0.354743,-0.276891
1.05573092,0.36392,-0.28601
2.1592058,0.383386,-0.186
-0.21081095,0.280534,-0.319819
-0.18553108,0.33661,-0.229854
0.15096705,0.308888,-0.369536
1.9119089,0.319754,-0.218552
0.21587018,0.249137,-0.198333
1.484387618,0.398382,-0.143393
1.2561741,0.320918,-0.207132
1.2368951,0.327591,-0.389267
0.730606055,0.310094,-0.215398
1.235657759,0.373379,-0.194761
-0.14133744,0.327634,-0.391273
1.1936965,0.438643,-0.360013
-0.2650246,0.281986,-0.330663
1.480238355,0.31546,-0.327762
0.69171415,0.298976,-0.258202
0.69875022,0.346364,-0.355525
1.18046892,0.350384,-0.267256
-0.08895273,0.276459,-0.305617
0.30536553,0.306367,-0.286687
1.28115065,0.435613,-0.282861
0.14901512,0.271289,-0.352495
0.1812721,0.421725,-0.434012
-0.14803021,0.237783,-0.311993
2.02254477,0.31206,-0.259571
0.73809033,0.460444,-0.214559
0.298520055,0.295266,-0.257205
0.1360426601,0.296196,-0.270648
-0.93665305,0.318539,-0.250779
2.19732784,0.385497,-0.240433
1.15683072,0.310915,-0.26297
1.07296763,0.462292,-0.261171
0.44715611,0.28828,-0.269238
0.44024479,0.23528,-0.255563
0.17461962,0.305276,-0.277212
1.46221267,0.319517,-0.197084
0.2481466,0.312809,-0.234788
0.1111474,0.350774,-0.382205
1.71708005,0.3127,-0.249553
0.8428213,0.305169,-0.165789
0.98292192,0.35964,-0.291897
1.111095042,0.354322,-0.204376
0.37118901,0.261783,-0.320281
-0.04988386,0.239278,-0.259713
0.32321732,0.442454,-0.253984
0.80329856,0.246975,-0.312101
0.98989713,0.282376,-0.248994
1.739378645,0.280252,-0.342918
1.6726542,0.353763,-0.216894
0.72748757,0.270046,-0.130943
-0.23505127,0.343198,-0.335604
-0.61037216,0.389172,-0.318318
0.5888543,0.312941,-0.234822
0.2906359,0.328691,-0.25665
1.26473752,0.231334,-0.163748
0.21531741,0.283218,-0.275763
0.1122993,0.285077,-0.366016
0.89274534,0.261764,-0.290336
1.5715256,0.295099,-0.213361
1.69108021,0.329159,-0.270053
1.462773623,0.311067,-0.247994
0.751477,0.309958,-0.268438
0.2343737,0.343806,-0.230345
1.614442,0.314384,-0.277539
-1.20203643,0.385101,-0.337816
0.33363183,0.235197,-0.31233
0.489884225,0.311149,-0.199412
0.19028705,0.281163,-0.194787
-0.1849928,0.346224,-0.295891
0.53316528,0.357899,-0.267055
1.9456446,0.285443,-0.284052
1.91912247,0.363954,-0.2671
1.3108711,0.273345,-0.224366
-1.71066646,0.169359,-0.322856
0.5213982,0.297492,-0.324307
0.11877548,0.235514,-0.285222
0.42758819,0.402995,-0.237862
1.5431968,0.32945,-0.245095
1.340266919,0.373357,-0.377102
1.73625003,0.302494,-0.196098
0.18646828,0.267071,-0.2426
-0.5545739,0.438358,-0.297081
1.60924326,0.392776,-0.322783
0.3984876,0.273062,-0.271256
-0.415736218,0.27259,-0.339626
2.06765882,0.358108,-0.151456
1.69485442,0.418366,-0.192758
1.08722937,0.37081,-0.219259
0.42463725,0.242512,-0.311487
2.02713188,0.296813,-0.231998
0.93179536,0.348098,-0.14215
1.39110036,0.289145,-0.316914
0.33085116,0.336782,-0.20246
1.970893196,0.383502,-0.268324
0.18338394,0.290939,-0.202125
1.90233267,0.454911,-0.30029
1.36927917,0.305243,-0.327057
1.49062441,0.39491,-0.3343
0.5565616,0.215515,-0.242622
1.60715484,0.315858,-0.336343
0.2805063,0.237821,-0.246864
0.79505594,0.367113,-0.360675
1.0543675,0.239321,-0.268583
0.77981599,0.310516,-0.250913
0.3179991,0.301613,-0.250404
0.47900025,0.339904,-0.273275
0.16574445,0.343962,-0.230983
-1.43213335,0.201076,-0.340436
0.79175995,0.34983,-0.251676
-0.2399401,0.233074,-0.26564
0.439585404,0.409219,-0.367173
-0.80589631,0.260341,-0.222104
0.418038245,0.19865,-0.267965
1.04990767,0.441257,-0.246759
1.8218052,0.256805,-0.240876
-0.84869865,0.277953,-0.334619
1.3158869,0.279846,-0.235503
0.51026814,0.309948,-0.274422
0.19501583,0.389792,-0.251095
-0.35384845,0.258462,-0.334078
0.26020978,0.427941,-0.257363
0.86865585,0.277082,-0.332425
0.1616561,0.332855,-0.258104
1.42990956,0.369309,-0.19472
0.0417344,0.277976,-0.385278
-0.13368391,0.279909,-0.343071
-0.23092187,0.251254,-0.301802
-0.88187087,0.287349,-0.29969
0.45006804,0.31457,-0.254571
0.19957534,0.245828,-0.254662
1.68755366,0.364438,-0.200373
0.18638617,0.317237,-0.414673
0.72468168,0.390639,-0.199194
-0.18694434,0.318329,-0.328728
-0.278936857,0.20464,-0.23654
1.2395098,0.246068,-0.183934
0.09185014,0.192404,-0.223405
-0.770042502,0.278368,-0.314059
0.885811954,0.266165,-0.333775
1.56822082,0.273831,-0.195554
0.8128562,0.303467,-0.180877
-0.1740096,0.355342,-0.253825
0.21909022,0.33066,-0.263708
0.82432839,0.3701,-0.210189
-0.01676006,0.244225,-0.292626
2.2994837,0.367185,-0.0828518
-0.23630302,0.220417,-0.403157
1.0078517,0.198672,-0.147561
0.551260176,0.372246,-0.276685
0.7499376,0.353599,-0.287463
1.5061112,0.355094,-0.223999
0.3470736,0.208277,-0.293755
0.40358392,0.319092,-0.248018
2.02446293,0.265704,-0.157737
0.8305942,0.313807,-0.173313
1.165592634,0.338188,-0.278568
0.2162598,0.346182,-0.318646
0.1525308,0.258222,-0.258567
-0.10712815,0.230748,-0.259441
0.1924976,0.309593,-0.248131
-0.60791462,0.26915,-0.247126
0.70389956,0.464756,-0.243242
1.02423244,0.374984,-0.254614
0.555868921,0.304283,-0.180568
2.05940174,0.266189,-0.171228
1.313217611,0.432247,-0.187133
1.30151013,0.341096,-0.18552
2.0600106,0.391368,-0.145425
2.63393,0.327833,-0.141758
0.8530172,0.26831,-0.37845
1.921587789,0.323448,-0.361802
0.7113917,0.290516,-0.258366
1.01277613,0.382985,-0.33599
1.54466028,0.334541,-0.238889
1.14576883,0.400232,-0.236042
0.45011823,0.2765,-0.183447
0.81228662,0.360485,-0.248791
1.86042082,0.434174,-0.219612
0.54853121,0.273133,-0.216252
-0.68832971,0.300259,-0.274955
-0.02240057,0.208737,-0.234075
0.68641117,0.310863,-0.254286
0.929785161,0.289753,-0.297465
1.80075472,0.306832,-0.238083
1.455176598,0.36415,-0.219615
0.65481154,0.342732,-0.400265
1.97438149,0.381621,-0.178948
0.48872869,0.449028,-0.220825
1.0170569,0.32658,-0.236981
1.072861622,0.319801,-0.238996
1.0041452,0.321556,-0.290372
-0.13085229,0.233549,-0.32164
1.47133478,0.406137,-0.288235
-0.1795582,0.247694,-0.289059
0.9447016,0.271779,-0.365933
0.97625147,0.263125,-0.231168
0.75298576,0.407673,-0.301215
1.696343569,0.271894,-0.136797
0.7277119,0.332667,-0.366511
0.81336265,0.308207,-0.256618
2.0399576,0.347289,-0.238844
2.0370582,0.274223,-0.181767
1.05028887,0.443395,-0.307374
0.41544264,0.205124,-0.308959
1.0237241,0.316441,-0.243276
1.86354421,0.333655,-0.285807
-0.40168784,0.355017,-0.262961
1.5832873,0.344858,-0.224431
2.59042089,0.374928,-0.175838
2.2272547,0.354476,-0.174512
0.90607237,0.454491,-0.256592
0.6360302,0.272362,-0.259407
0.80889161,0.313576,-0.175887
0.6311492,0.255633,-0.161051
0.37356651,0.332002,-0.311166
0.8560926,0.309785,-0.178649
1.3003694,0.378493,-0.374975
2.02142405,0.415364,-0.151014
1.0224432,0.273078,-0.195296
1.61668956,0.419196,-0.297927
1.24639664,0.357763,-0.217546
0.851347,0.242997,-0.28148
0.112752,0.280783,-0.305598
1.50088203,0.276896,-0.13273
1.13561715,0.343699,-0.266408
3.0206814,0.298277,-0.0925584
1.8576182,0.282585,-0.164069
1.31453405,0.326613,-0.16467
2.142745023,0.357315,-0.239673
0.60107331,0.510866,-0.235182
2.477032226,0.354109,-0.187031
1.11360026,0.268798,-0.240858
0.99417668,0.317371,-0.292182
1.67123707,0.337856,-0.328635
1.390386,0.276461,-0.288487
0.2993758,0.25574,-0.346237
2.11006084,0.489846,-0.165001
2.53522397,0.372271,-0.234317
0.354287,0.306722,-0.33545
1.9925851,0.419823,-0.163239
2.2478883,0.367951,-0.125628
-0.1128594,0.293241,-0.352378
0.45561023,0.292884,-0.281032
1.13888463,0.37475,-0.226508
1.151341023,0.362723,-0.234197
1.4484796,0.324638,-0.308315
1.50192089,0.308296,-0.344677
0.86504014,0.411831,-0.210153
0.45215595,0.365443,-0.272698
0.4934395,0.363995,-0.244965
-0.05061465,0.250051,-0.285041
0.9425037,0.335786,-0.22561
-0.7842585,0.30559,-0.274419
1.0160643,0.25828,-0.211191
1.15644139,0.264595,-0.148306
0.693657,0.27332,-0.267272
0.4675739,0.308141,-0.301866
0.31466975,0.30848,-0.279882
0.33865048,0.262521,-0.382712
0.670216659,0.303314,-0.38098
-0.02106894,0.245738,-0.323684
0.970678701,0.285607,-0.289475
-0.67231221,0.381627,-0.255894
0.1479588,0.384408,-0.429264
0.42146683,0.163095,-0.214173
0.8377667,0.377879,-0.273955
0.30797803,0.351642,-0.291077
1.79557255,0.399666,-0.192779
1.05991015,0.30657,-0.214804
1.1847196,0.284588,-0.270764
1.41334354,0.424123,-0.201181
-0.3095699,0.237851,-0.258405
0.36090566,0.327986,-0.212271
-0.913901972,0.321291,-0.302631
-0.63379833,0.188462,-0.262074
1.7576034,0.310769,-0.212013
-0.73756286,0.210753,-0.326658
0.82748537364,0.316176,-0.311865
-0.15881732,0.363837,-0.342833
0.31400911,0.449551,-0.284923
1.00305099,0.371915,-0.264728
0.45502923,0.209579,-0.279415
1.6591415,0.32221,-0.303368
0.99547967,0.323071,-0.321682
-0.02814803,0.282002,-0.255425
0.82342197,0.30554,-0.26555
0.26689964,0.320715,-0.242827
0.661319038,0.348332,-0.255475
0.15985108,0.291803,-0.244682
1.9464945,0.422708,-0.198156
0.9251959,0.396521,-0.302482
1.11195522,0.26592,-0.244726
-0.39827586,0.186936,-0.385251
0.47688789,0.253704,-0.262251
1.0191016,0.438439,-0.230032
1.02939123,0.350755,-0.276661
1.866080136,0.281619,-0.212496
1.61942017,0.270004,-0.255445
1.49375865,0.423923,-0.231894
-0.70499603,0.243847,-0.443139
1.3900528,0.388725,-0.188846
1.6100641,0.421219,-0.239124
0.9207445,0.298255,-0.261065
0.79669778,0.299248,-0.222035
-0.49322717,0.305683,-0.296722
1.3229326,0.274486,-0.226848
1.0756657,0.330172,-0.183186
0.18026462,0.367387,-0.283803
-0.49309368,0.2066,-0.384834
1.34845653,0.31509,-0.299649
0.74493917,0.404478,-0.166012
0.0662845,0.398851,-0.321905
1.569172,0.338583,-0.232265
0.845973885,0.295227,-0.241911
0.5792126,0.35519,-0.221171
-0.40740829,0.478236,-0.351367
0.69958424,0.327842,-0.215295
0.943027812,0.247036,-0.241317
-0.20548015,0.451793,-0.323375
-1.06422581,0.220277,-0.324425
1.15537511,0.299783,-0.21613
2.28524143,0.37396,-0.350642
2.0707496,0.32035,-0.155989
2.95855037,0.394061,-0.149487
1.55371025,0.365879,-0.315544
2.51048421,0.384035,-0.174531
0.61855546,0.350826,-0.273489
1.90511133,0.485727,-0.255855
1.8964401,0.305854,-0.1403
0.2489214,0.282557,-0.301306
1.4608457,0.343123,-0.301637
-0.0970701,0.273886,-0.277751
2.1922748,0.325691,-0.167596
1.239610931,0.326084,-0.116149
0.6262349,0.237534,-0.270784
1.55106231,0.295163,-0.166463
1.9111285,0.439378,-0.202926
0.84497,0.395439,-0.295904
1.81633598,0.369159,-0.292221
0.66006668,0.296999,-0.200324
0.76822618,0.236596,-0.141834
0.54432135,0.233365,-0.25629
0.1815402,0.394852,-0.27723
1.71767961,0.407897,-0.214117
0.53735348,0.24392,-0.351079
1.34885018,0.356061,-0.326611
0.0624761,0.311622,-0.248137
0.239667,0.360775,-0.302627
0.514646093,0.342861,-0.228576
-0.11447269,0.28223,-0.342318
-0.18005464,0.264136,-0.282778
1.7042436,0.327325,-0.28775
0.02198621,0.334256,-0.269313
1.697216421,0.39442,-0.234224
-0.406360763,0.242758,-0.391995
-1.01185206,0.204236,-0.192405
0.6364786,0.298518,-0.196489
-0.1682711,0.336707,-0.321569
2.64436969,0.296034,-0.237329
1.274094,0.373911,-0.256323
0.8637552,0.439591,-0.310236
0.4112792,0.320131,-0.285547
-0.31963478,0.349962,-0.386076
1.106208,0.371762,-0.175685
1.8388859,0.383208,-0.167058
0.47471342,0.325579,-0.209735
1.31634125,0.307875,-0.164524
1.5941005,0.254237,-0.190505
1.993386,0.418397,-0.170847
-0.6430796,0.316548,-0.261896
0.38760511,0.203106,-0.179505
0.5709642,0.325812,-0.252216
-0.214724797,0.29725,-0.262481
0.92662474,0.291691,-0.317419
0.614249928,0.242566,-0.218637
-0.79203688,0.362798,-0.312733
0.981858,0.347385,-0.208929
0.40247261,0.273725,-0.299449
-0.47011527,0.280622,-0.327447
0.738853849,0.29864,-0.239962
0.78017824,0.425925,-0.254157
1.9435629,0.421153,-0.146124
0.83058002,0.321988,-0.227274
-0.3196318,0.343965,-0.241394
1.2943166,0.344439,-0.193975
1.08508878,0.342729,-0.263133
1.12500808,0.359329,-0.21069
0.185102201,0.255254,-0.257269
0.8490398,0.24128,-0.249811
1.06648742,0.323574,-0.170314
1.1291081,0.315479,-0.235727
0.2584627,0.333232,-0.216846
2.361184054,0.378277,-0.168583
1.2369001,0.32049,-0.428329
0.1577818,0.324593,-0.27635
1.1862618,0.404855,-0.276983
0.106338089,0.338188,-0.151917
0.9665413,0.284624,-0.220031
1.03582773,0.33565,-0.185496
2.0308186,0.393154,-0.285933
1.34931426,0.263473,-0.155178
1.0125849,0.385487,-0.228496
0.07181675,0.318188,-0.371332
1.1161359,0.317649,-0.261002
1.32014045,0.34268,-0.228869
0.73425756,0.312333,-0.243866
1.20450835,0.328744,-0.202951
-0.19390338,0.270057,-0.225747
-0.94581992,0.336825,-0.366382
-0.05120118,0.293218,-0.316207
2.32363844,0.311598,-0.254273
1.669179,0.302318,-0.247591
0.40359247,0.318085,-0.27347
1.3724918,0.340825,-0.284234
1.0567702,0.365479,-0.216416
0.50121178,0.243201,-0.203481
-0.09875092,0.321984,-0.262682
1.8158249,0.426964,-0.159835
0.0655082,0.317408,-0.256622
0.8485963,0.396365,-0.268812
2.136163933,0.294952,-0.158997
1.6121495,0.332028,-0.27355
1.79512753,0.219811,-0.301797
1.0543427,0.266638,-0.118573
-1.13949105,0.31992,-0.335419
0.72513877,0.2714,-0.300387
1.8287208,0.276292,-0.331975
0.81492642,0.273743,-0.328431
1.50438639,0.312707,-0.276758
0.23802246,0.329007,-0.26694
2.0535973,0.31227,-0.271976
2.1641625,0.35985,-0.18998
1.99553575,0.282,-0.232438
1.12953549,0.391538,-0.277676
1.0423901,0.316131,-0.210222
0.50377106,0.218283,-0.2578
1.20125512,0.371615,-0.294602
1.833942,0.301166,-0.215143
1.327076878,0.280576,-0.206307
1.46483262,0.267699,-0.16828
1.198106049,0.386725,-0.328206
1.29173734,0.338281,-0.271497
0.685365374,0.342816,-0.237965
1.710619417,0.317926,-0.174355
-0.00171081,0.215869,-0.311926
2.05167474,0.305081,-0.145976
1.1479479,0.417922,-0.355916
1.10943287,0.292306,-0.368099
1.21304331,0.322551,-0.247078
0.62003379,0.346632,-0.209321
2.4929189,0.469571,-0.405714
0.79596241,0.260585,-0.217003
0.68647072,0.373943,-0.217823
1.97599079,0.341856,-0.247447
0.73198974,0.35962,-0.264108
0.1088483,0.210594,-0.343016
-1.11177137,0.229731,-0.341712
1.1091357,0.352893,-0.232083
0.879492962,0.414139,-0.243793
-0.2541821,0.40816,-0.266156
2.58248997,0.33928,-0.244598
1.54174261,0.485099,-0.328505
2.110744,0.378427,-0.194666
-0.31476597,0.260949,-0.331315
-0.0146588,0.348622,-0.270377
1.7637329,0.284159,-0.273444
1.62338424,0.34029,-0.316455
1.21464664,0.367265,-0.341199
2.2018856,0.300693,-0.216831
1.15869601,0.333905,-0.267144
1.50679116,0.346659,-0.255379
1.63337122,0.2939,-0.249239
0.6088348,0.249377,-0.293763
-0.369486243,0.248391,-0.289149
1.5764249,0.301781,-0.203345
1.400587,0.352974,-0.345154
0.54764657,0.385342,-0.469536
1.98848024,0.452557,-0.168232
-0.1113244,0.215015,-0.266864
0.55645616,0.300494,-0.181642
0.91081751,0.247058,-0.263782
1.5174142,0.385806,-0.177796
1.548985724,0.296701,-0.308269
1.007472,0.380345,-0.296017
1.750079,0.33055,-0.297935
1.209508,0.304196,-0.295263
-1.19302947,0.273206,-0.261796
1.64238057,0.334756,-0.227736
0.2452757,0.266414,-0.297682
1.86539604,0.323906,-0.125113
1.01137636,0.263116,-0.274574
0.7023261,0.24685,-0.262035
0.51500723,0.271985,-0.192295
2.0999971,0.335926,-0.180083
0.1798616,0.338711,-0.281238
2.8785018,0.459821,-0.0841804
0.3962763,0.235485,-0.307712
0.3136743,0.271589,-0.184069
0.7567672,0.344893,-0.188998
2.10365857,0.376071,-0.183369
1.28943417,0.285657,-0.169139
1.7835194,0.283274,-0.172052
0.886777,0.402926,-0.268155
0.6530487,0.198571,-0.241231
0.40504736,0.381105,-0.2228
2.3721186,0.283316,-0.280682
0.648475347,0.279058,-0.393381
0.74998678,0.296374,-0.320974
0.13861395,0.308882,-0.189575
2.1318884,0.361913,-0.227454
0.29618542,0.261412,-0.241126
0.11036665,0.404376,-0.26902
0.83366183,0.300203,-0.382459
-0.198947,0.291047,-0.353754
2.7395462,0.329211,-0.119189
-0.14413443,0.230318,-0.309157
2.01446985,0.369479,-0.299299
0.68853119,0.370178,-0.362656
0.06323655,0.369943,-0.267211
3.34428577,0.340746,-0.134941
1.0977942,0.413194,-0.300347
1.14917528,0.369308,-0.200121
0.84896308,0.393984,-0.210388
1.22809888,0.298566,-0.175513
0.8292309,0.361601,-0.450619
1.69400945,0.365521,-0.342905
-0.41798558,0.243823,-0.290481
1.88613752,0.392905,-0.365693
2.9144739,0.372613,-0.139722
0.363604,0.329213,-0.250934
-0.37306655,0.334782,-0.319465
0.90457779,0.42915,-0.277019
1.5535572,0.35349,-0.253441
0.9938708,0.236532,-0.270226
-0.753583816,0.234059,-0.282184
-0.07895682,0.291937,-0.237026
1.01514597,0.3123,-0.151493
1.124361044,0.394975,-0.229998
0.5139987,0.40119,-0.222376
0.187698481,0.265622,-0.277637
1.48710212,0.252928,-0.248164
1.3226232,0.221837,-0.214305
2.408568479,0.296028,-0.184753
1.4657911,0.401859,-0.219547
0.81296454,0.253246,-0.202177
1.0546553,0.310934,-0.218797
0.8757867,0.345819,-0.203269
0.3834179,0.286858,-0.303752
0.75620154,0.308018,-0.26509
1.737282,0.653237,-0.141783
-0.002887701,0.302626,-0.394777
0.61343866,0.335397,-0.294623
0.8825001,0.28636,-0.374199
0.83559309,0.298197,-0.244664
-0.88534861,0.200355,-0.354345
1.64655491,0.267105,-0.322879
0.0179458,0.313639,-0.302664
1.00968033,0.372696,-0.326388
-0.65914677,0.34304,-0.339154
0.6100643,0.297848,-0.280728
0.4820761,0.433692,-0.263951
1.261776531,0.309267,-0.168339
1.3084564,0.327851,-0.186484
0.860416911,0.301106,-0.232728
1.43223991,0.262,-0.185657
0.17986353,0.407563,-0.34765
1.8719517,0.323942,-0.270265
1.89753267,0.391369,-0.183814
1.2126832,0.331752,-0.204869
1.0944294,0.285541,-0.170924
1.26069479,0.354047,-0.199925
0.7424496,0.330025,-0.333638
0.90867022,0.32198,-0.338176
1.53862298,0.318659,-0.176201
1.31104373,0.417036,-0.34464
1.0612326,0.364744,-0.306629
0.31466271,0.312542,-0.299143
1.90594658,0.358664,-0.309374
0.8710641,0.327263,-0.325553
1.4457038,0.309559,-0.229768
0.618504832,0.328531,-0.341303
-0.78307185,0.189879,-0.32286
-0.0820814,0.30116,-0.216312
1.89388012,0.411633,-0.239988
0.5528254,0.283377,-0.299486
0.96663805,0.275871,-0.197964
1.06121262,0.395189,-0.189588
0.0530706,0.196253,-0.222172
-0.4980599,0.449251,-0.306568
1.3730197,0.262224,-0.265763
0.473860627,0.219125,-0.206066
0.23808253,0.387069,-0.253986
1.0499608,0.304909,-0.26335
0.0453248,0.232896,-0.242618
0.97930917,0.296971,-0.182071
1.2742373,0.3316,-0.213788
1.59828279,0.433087,-0.22903
1.3115006,0.392613,-0.252021
1.54717155,0.372054,-0.255806
0.30860097,0.236871,-0.254988
0.9316196,0.352674,-0.246877
0.2356656,0.340255,-0.407501
0.05605556,0.29327,-0.26066
-0.09874379,0.410577,-0.278316
-0.458113768,0.220554,-0.306694
0.2689192,0.22229,-0.225874
0.7389858,0.330379,-0.265569
0.31483376,0.196271,-0.114469
0.06311797,0.241654,-0.298492
1.0971312,0.230524,-0.243787
0.59962283,0.391188,-0.289941
1.31233328,0.262959,-0.309505
0.920743712,0.262724,-0.241092
1.6997305,0.272574,-0.172673
0.46584928,0.30605,-0.304649
0.35515425,0.337405,-0.293302
1.63144797,0.344942,-0.239318
0.681701467,0.339865,-0.254147
0.6919397,0.357133,-0.197927
-0.15467046,0.316159,-0.267933
-0.04263315,0.345302,-0.301853
0.0271817,0.298884,-0.226134
1.4147038,0.271547,-0.330766
0.024016839,0.352045,-0.256053
2.2071217,0.371187,-0.226836
0.595997265,0.188019,-0.255757
-0.6603183,0.321273,-0.278985
0.348578844,0.247247,-0.24769
0.3313377,0.316542,-0.283225
1.9143205,0.354117,-0.289268
0.45392134,0.393118,-0.256269
2.1836961,0.403422,-0.224665
0.26698433,0.272903,-0.264844
0.8730184,0.330203,-0.337784
0.40375838,0.260072,-0.232677
0.62778077,0.301369,-0.31407
2.24398129,0.365982,-0.19421
0.75644488,0.289368,-0.201592
-0.03665644,0.402415,-0.395663
0.981738941,0.424153,-0.178316
0.75626203,0.230285,-0.229304
0.02107105,0.240781,-0.251024
1.98371955,0.301086,-0.0983263
0.8784607,0.304893,-0.269646
0.81017516,0.318176,-0.214132
1.47521268,0.396108,-0.229854
1.13465221,0.247308,-0.240088
2.116490406,0.400448,-0.166815
0.86738364,0.28949,-0.15471
0.97508908,0.330143,-0.135503
1.24075812,0.406531,-0.250813
1.189652064,0.243673,-0.236057
1.10965733,0.357641,-0.254704
1.82346794,0.381486,-0.344368
0.1461913,0.212509,-0.185884
0.34723033,0.314086,-0.252506
0.30088868,0.333545,-0.358748
1.81776831,0.304456,-0.322122
0.4074866,0.295907,-0.337864
1.7465629,0.380987,-0.285287
0.88688117,0.315875,-0.309577
-0.2352023,0.272309,-0.280037
0.4885199,0.294207,-0.330654
-1.2123957,0.262191,-0.279768
1.24212683,0.323885,-0.272479
-0.3002528,0.274062,-0.176832
1.40495636,0.399903,-0.184763
2.08557353,0.308783,-0.22525
0.9518639,0.354884,-0.234883
0.40037433,0.340167,-0.242726
1.46253908,0.242793,-0.162911
-0.0511849,0.385324,-0.264685
1.06199975,0.306053,-0.244195
0.66462609,0.317055,-0.263385
-0.38751161,0.270723,-0.285528
1.41361232,0.256041,-0.126174
1.33722347,0.304446,-0.262899
2.39425036,0.412536,-0.240052
1.4584975,0.343203,-0.274988
1.88326414,0.368373,-0.26665
2.08897329,0.351817,-0.222802
2.07639974,0.351476,-0.136053
1.33730674,0.257004,-0.144772
0.915514341,0.32143,-0.30392
0.9329044,0.398884,-0.314715
1.6346126,0.35104,-0.33868
0.5814506,0.402645,-0.149206
1.4094509,0.35645,-0.173399
2.1908436,0.329708,-0.187349
0.3358219,0.194615,-0.24648
0.79494554,0.281444,-0.210512
0.6770832,0.281004,-0.211035
0.4152158,0.415119,-0.240861
2.66069846,0.338379,-0.109063
1.8945604,0.316638,-0.250566
1.4080274,0.405007,-0.239889
-0.23086207,0.22842,-0.195554
0.9701317,0.281007,-0.292755
0.360180307,0.262211,-0.226285
1.1848622,0.339413,-0.386688
1.85075791,0.369743,-0.213487
1.30869708,0.392091,-0.245771
0.69580011,0.368984,-0.206088
1.8886137,0.422242,-0.36314
1.54275743,0.319894,-0.353161
1.402494485,0.292689,-0.244244
2.0918111,0.28521,-0.186573
2.33107694,0.386401,-0.243148
2.02052519,0.28855,-0.287033
0.42851994,0.342981,-0.195798
1.78676534,0.259981,-0.200449
0.62537211,0.278403,-0.285948
0.6974394,0.264615,-0.174964
-0.4083012,0.233935,-0.402139
1.38939688,0.384928,-0.336644
2.71452224,0.32277,-0.261933
-1.0804371,0.165065,-0.314836
0.77553888,0.26724,-0.291724
1.30984435,0.356668,-0.212719
1.70645687,0.322064,-0.331825
0.51455669,0.340459,-0.212219
-0.01003868,0.293599,-0.247434
1.95866883,0.374008,-0.193414
0.2982136,0.305483,-0.33822
1.36578294,0.370358,-0.338073
1.68080253,0.327164,-0.200057
1.59883342,0.385452,-0.200903
0.52689147,0.398744,-0.320543
1.44297212,0.283288,-0.248038
0.418576519,0.28622,-0.192903
1.841244433,0.433474,-0.25826
0.923532838,0.18853,-0.108182
-0.3716223,0.321806,-0.265859
0.50257954,0.377286,-0.218123
0.7618626,0.349227,-0.320274
3.07726894,0.362682,-0.235383
0.081361422,0.282222,-0.286673
1.48730688,0.299406,-0.250738
1.11582389,0.229729,-0.190343
1.332922546,0.436532,-0.329789
-0.3410905,0.367334,-0.282417
0.83728351,0.28716,-0.241137
0.45471994,0.319834,-0.249881
